name,description,price,category,availability,rating,image_url
Virtual zero tolerance productivity,Congress technology report need fight interview without tree.,3135.93,Fitness,1,3.3,https://via.placeholder.com/100?text=Prod1
Polarized grid-enabled standardization,Central shake far control analysis.,1288.67,Electronics,1,3.8,https://via.placeholder.com/100?text=Prod2
User-centric optimal ability,Not exactly ready north week focus late sound bar.,3892.05,Clothing,1,4.1,https://via.placeholder.com/100?text=Prod3
Ameliorated maximized protocol,High peace will room however.,3493.84,Accessories,1,3.9,https://via.placeholder.com/100?text=Prod4
Self-enabling regional model,Sport election more base their whether.,405.17,Stationery,1,4.7,https://via.placeholder.com/100?text=Prod5
Front-line 5thgeneration firmware,Else kind dog tree station participant but experience room.,3358.55,Kitchen,1,4.7,https://via.placeholder.com/100?text=Prod6
Multi-layered zero administration success,Number some mother main traditional mind hope leader describe nor reach.,3512.04,Footwear,1,4.0,https://via.placeholder.com/100?text=Prod7
Customer-focused systemic algorithm,Pressure trial alone to two then dinner election candidate.,3144.5,Books,1,4.5,https://via.placeholder.com/100?text=Prod8
Organic 24/7 budgetary management,Decision discuss everybody front college them.,297.28,Accessories,1,3.7,https://via.placeholder.com/100?text=Prod9
Fully-configurable system-worthy collaboration,Particular provide according significant less black.,636.11,Footwear,1,3.6,https://via.placeholder.com/100?text=Prod10
Grass-roots radical middleware,Way yeah western yet recently already bag throughout.,3126.13,Home Decor,1,3.9,https://via.placeholder.com/100?text=Prod11
User-friendly mission-critical moratorium,Last feeling star respond develop hundred.,4202.64,Electronics,1,5.0,https://via.placeholder.com/100?text=Prod12
Customizable encompassing secured line,Black young be from step walk.,2634.41,Books,1,4.4,https://via.placeholder.com/100?text=Prod13
Integrated incremental core,Set economic practice stock number wonder mission.,2994.33,Stationery,1,3.4,https://via.placeholder.com/100?text=Prod14
Seamless directional intranet,Third listen tell carry back phone spend.,3091.54,Stationery,1,3.9,https://via.placeholder.com/100?text=Prod15
Cross-platform tangible info-mediaries,According new radio member agent usually tell take success determine lawyer.,2045.14,Books,1,4.0,https://via.placeholder.com/100?text=Prod16
Business-focused multimedia methodology,Across key network improve type outside avoid recognize.,3241.66,Stationery,1,4.4,https://via.placeholder.com/100?text=Prod17
Automated multimedia paradigm,Individual itself read later safe fly paper respond authority generation decision.,3147.84,Accessories,1,3.0,https://via.placeholder.com/100?text=Prod18
Grass-roots motivating architecture,Group single short pull language.,3204.99,Books,1,4.3,https://via.placeholder.com/100?text=Prod19
Re-engineered coherent core,Color approach movement bit option eye material important.,4849.53,Accessories,1,4.5,https://via.placeholder.com/100?text=Prod20
Assimilated static contingency,Shoulder speech ago all program tend force approach.,4158.87,Clothing,1,4.1,https://via.placeholder.com/100?text=Prod21
Fully-configurable cohesive installation,Inside rather any hit culture also approach big.,2762.37,Fitness,1,3.9,https://via.placeholder.com/100?text=Prod22
Cross-platform didactic algorithm,Theory part onto successful cup focus policy head.,2155.9,Stationery,1,4.6,https://via.placeholder.com/100?text=Prod23
Assimilated asymmetric challenge,Bill hard yourself without inside.,4341.62,Clothing,1,4.8,https://via.placeholder.com/100?text=Prod24
Enhanced holistic secured line,Just always woman miss institution explain.,4004.78,Footwear,1,5.0,https://via.placeholder.com/100?text=Prod25
Integrated asymmetric project,Reflect result you station see.,1670.09,Fitness,1,3.5,https://via.placeholder.com/100?text=Prod26
Multi-layered 24hour flexibility,Source great friend stay force.,4995.47,Home Decor,1,3.7,https://via.placeholder.com/100?text=Prod27
Reactive neutral access,Number stand believe find shake together do another.,4963.72,Fitness,1,3.3,https://via.placeholder.com/100?text=Prod28
Multi-layered neutral moderator,Heart create decide drive identify charge ten.,4380.9,Home Decor,1,4.5,https://via.placeholder.com/100?text=Prod29
Organized multi-tasking toolset,Local address professor wonder what result inside.,357.03,Accessories,1,4.6,https://via.placeholder.com/100?text=Prod30
Public-key explicit architecture,Plant deal the thing member each.,1874.78,Furniture,1,4.1,https://via.placeholder.com/100?text=Prod31
Object-based systematic customer loyalty,Security soon life yard play development address technology.,1911.46,Accessories,1,4.0,https://via.placeholder.com/100?text=Prod32
Secured fresh-thinking firmware,Remember whom six race meet.,4318.83,Home Decor,1,3.7,https://via.placeholder.com/100?text=Prod33
Distributed impactful solution,Sense environmental rate course service range.,3383.48,Footwear,1,3.3,https://via.placeholder.com/100?text=Prod34
Devolved neutral utilization,High newspaper share local suffer medical force make crime after run.,2913.94,Furniture,1,5.0,https://via.placeholder.com/100?text=Prod35
Object-based systematic portal,Factor thank many lawyer side available choose.,1100.45,Electronics,1,4.6,https://via.placeholder.com/100?text=Prod36
Reactive multimedia benchmark,Stay special look understand.,751.77,Books,1,3.5,https://via.placeholder.com/100?text=Prod37
Future-proofed multi-state architecture,Natural operation behind affect individual name house.,4244.13,Clothing,1,4.5,https://via.placeholder.com/100?text=Prod38
Adaptive multi-tasking algorithm,Window little hit few about nation recent.,851.86,Books,1,4.4,https://via.placeholder.com/100?text=Prod39
Digitized content-based knowledgebase,Audience range green window surface hit push contain.,2350.35,Kitchen,1,4.7,https://via.placeholder.com/100?text=Prod40
User-friendly client-server emulation,Spend person city skill stay one authority attack want difficult.,3429.74,Footwear,1,3.4,https://via.placeholder.com/100?text=Prod41
Front-line 24hour attitude,Standard strategy debate follow message.,863.15,Stationery,1,4.9,https://via.placeholder.com/100?text=Prod42
Progressive even-keeled Local Area Network,Mean country capital red instead bit break outside fast.,1294.65,Furniture,1,3.4,https://via.placeholder.com/100?text=Prod43
Monitored 24/7 open system,Camera try then smile similar learn along stock one.,1101.95,Kitchen,1,4.3,https://via.placeholder.com/100?text=Prod44
Virtual well-modulated Graphical User Interface,Reduce star according loss bed approach direction beyond southern.,938.36,Kitchen,1,3.0,https://via.placeholder.com/100?text=Prod45
Enhanced mission-critical benchmark,Second size mention support strategy start answer hair.,2687.28,Footwear,1,4.0,https://via.placeholder.com/100?text=Prod46
Decentralized high-level productivity,Eight into get effect staff tell business base far.,3222.05,Kitchen,1,3.4,https://via.placeholder.com/100?text=Prod47
Multi-lateral asynchronous Local Area Network,Building available poor which yeah next plan guess never friend.,656.11,Kitchen,1,3.6,https://via.placeholder.com/100?text=Prod48
Switchable incremental customer loyalty,Education represent must specific resource poor alone parent five relate.,568.88,Fitness,1,4.1,https://via.placeholder.com/100?text=Prod49
Multi-layered client-driven encoding,Military or miss stuff evidence couple anyone significant open.,4314.27,Electronics,1,4.9,https://via.placeholder.com/100?text=Prod50
Reactive system-worthy data-warehouse,My seat decision impact official interview.,463.66,Electronics,1,3.5,https://via.placeholder.com/100?text=Prod51
Pre-emptive full-range task-force,Professional respond child respond team reveal area Democrat.,1311.99,Accessories,1,4.7,https://via.placeholder.com/100?text=Prod52
Up-sized zero administration matrices,Really small environment piece feel country.,770.99,Clothing,1,4.2,https://via.placeholder.com/100?text=Prod53
Profound coherent help-desk,Sea toward must answer true recognize instead.,2133.34,Footwear,1,4.3,https://via.placeholder.com/100?text=Prod54
Cross-group zero administration infrastructure,Although real story probably see best.,3429.97,Accessories,1,4.3,https://via.placeholder.com/100?text=Prod55
Streamlined human-resource capability,Land commercial perform thank letter.,2818.14,Furniture,1,3.5,https://via.placeholder.com/100?text=Prod56
Up-sized explicit monitoring,Anything attorney firm country left concern interest lawyer bit deep.,4668.82,Home Decor,1,4.2,https://via.placeholder.com/100?text=Prod57
Cross-group user-facing time-frame,Spend stand these why play keep car.,3851.68,Clothing,1,4.5,https://via.placeholder.com/100?text=Prod58
Networked uniform contingency,Little chance on lose course instead cold family.,1595.95,Furniture,1,3.2,https://via.placeholder.com/100?text=Prod59
Vision-oriented intangible methodology,Tax activity among feel.,3889.95,Clothing,1,3.8,https://via.placeholder.com/100?text=Prod60
Adaptive coherent application,List quickly generation safe official.,4107.42,Clothing,1,4.5,https://via.placeholder.com/100?text=Prod61
Team-oriented 24hour adapter,Central full by tonight loss.,1495.4,Fitness,1,4.9,https://via.placeholder.com/100?text=Prod62
Visionary zero-defect system engine,Hair old history present red institution I do hope beat.,1046.82,Kitchen,1,4.0,https://via.placeholder.com/100?text=Prod63
Enhanced context-sensitive initiative,Item outside be decade appear another.,4408.25,Accessories,1,3.1,https://via.placeholder.com/100?text=Prod64
Self-enabling multimedia encryption,Boy western consumer about offer write.,3246.0,Kitchen,1,3.9,https://via.placeholder.com/100?text=Prod65
Expanded impactful functionalities,Mean federal former kid mission meet especially.,778.92,Furniture,1,4.7,https://via.placeholder.com/100?text=Prod66
User-friendly analyzing time-frame,Can method million fund three history.,4247.96,Electronics,1,3.1,https://via.placeholder.com/100?text=Prod67
Re-contextualized responsive monitoring,Fear write no point over.,1408.09,Home Decor,1,4.0,https://via.placeholder.com/100?text=Prod68
Multi-layered user-facing hub,Before success thought newspaper item energy investment brother production than.,2089.31,Kitchen,1,4.5,https://via.placeholder.com/100?text=Prod69
Operative motivating matrices,Decade within around specific get arrive hundred country need including mouth.,2814.71,Footwear,1,4.4,https://via.placeholder.com/100?text=Prod70
Organic clear-thinking conglomeration,Upon smile organization computer necessary kid after stock majority.,1225.68,Books,1,4.3,https://via.placeholder.com/100?text=Prod71
Pre-emptive exuding paradigm,Television difficult this interview.,2027.68,Home Decor,1,3.0,https://via.placeholder.com/100?text=Prod72
Fundamental hybrid infrastructure,Network they work goal manage fill particularly suddenly.,4278.88,Footwear,1,3.9,https://via.placeholder.com/100?text=Prod73
Upgradable 4thgeneration firmware,Alone middle all bank outside.,4239.36,Books,1,3.3,https://via.placeholder.com/100?text=Prod74
Public-key mobile circuit,Identify on herself rate improve task.,1357.45,Footwear,1,4.6,https://via.placeholder.com/100?text=Prod75
Persistent radical hierarchy,Lose life across exist own firm these rather.,1072.56,Stationery,1,4.0,https://via.placeholder.com/100?text=Prod76
Sharable asymmetric moratorium,Old appear score try brother.,3692.58,Stationery,1,4.5,https://via.placeholder.com/100?text=Prod77
Virtual client-driven middleware,Student major hour magazine everybody pressure she sort base.,4307.97,Footwear,1,4.7,https://via.placeholder.com/100?text=Prod78
Cross-platform national application,Medical fall none relate religious industry detail painting.,4726.31,Electronics,1,3.9,https://via.placeholder.com/100?text=Prod79
Multi-lateral secondary customer loyalty,War line on hot chance fact find western.,4078.53,Home Decor,1,3.2,https://via.placeholder.com/100?text=Prod80
Multi-lateral dynamic algorithm,Ability trouble garden ball late from challenge film also future.,1108.81,Fitness,1,4.0,https://via.placeholder.com/100?text=Prod81
Managed empowering archive,Return number data party loss.,4702.29,Footwear,1,4.3,https://via.placeholder.com/100?text=Prod82
Ameliorated contextually-based info-mediaries,Foot maybe model picture natural red there very tell history western.,4239.6,Fitness,1,3.2,https://via.placeholder.com/100?text=Prod83
Exclusive zero tolerance synergy,Music song own start reduce learn.,2489.18,Stationery,1,4.8,https://via.placeholder.com/100?text=Prod84
Public-key empowering capacity,Population sea world edge order none with measure day.,2956.69,Kitchen,1,3.0,https://via.placeholder.com/100?text=Prod85
Enhanced interactive installation,Decision yes leave window likely learn.,2144.17,Kitchen,1,3.1,https://via.placeholder.com/100?text=Prod86
Devolved multi-tasking projection,With animal level long attack marriage.,628.46,Home Decor,1,4.7,https://via.placeholder.com/100?text=Prod87
De-engineered explicit synergy,Message water break this per board.,3011.93,Furniture,1,4.7,https://via.placeholder.com/100?text=Prod88
Organized impactful service-desk,Help lead professor final in world.,3940.86,Footwear,1,4.0,https://via.placeholder.com/100?text=Prod89
Multi-channeled grid-enabled algorithm,Media cup beautiful PM beyond.,4852.24,Kitchen,1,4.2,https://via.placeholder.com/100?text=Prod90
Quality-focused multimedia product,Tell sign Democrat something environmental usually low carry.,3510.03,Electronics,1,3.5,https://via.placeholder.com/100?text=Prod91
Organized full-range migration,Suggest budget what relate yeah.,4819.91,Accessories,1,3.2,https://via.placeholder.com/100?text=Prod92
Expanded background architecture,Analysis choose president watch they state their.,3571.66,Footwear,1,4.9,https://via.placeholder.com/100?text=Prod93
Triple-buffered 4thgeneration productivity,Fly fight much very special protect month catch house.,3704.05,Kitchen,1,3.1,https://via.placeholder.com/100?text=Prod94
Enhanced systematic orchestration,Close tough also prove win defense bill there lawyer.,687.49,Books,1,4.0,https://via.placeholder.com/100?text=Prod95
Persistent client-driven middleware,Then wide police present remain side better assume Congress.,3733.12,Accessories,1,3.0,https://via.placeholder.com/100?text=Prod96
Enhanced client-driven contingency,Ability organization west day painting player me involve security floor subject.,1535.74,Books,1,4.7,https://via.placeholder.com/100?text=Prod97
Cloned coherent orchestration,Pressure plant prevent who face life.,4800.82,Fitness,1,3.3,https://via.placeholder.com/100?text=Prod98
Vision-oriented hybrid budgetary management,Across white recent high behind yourself pay the agency general.,2510.38,Fitness,1,3.4,https://via.placeholder.com/100?text=Prod99
Open-source global software,Attorney product radio ago coach involve security increase others.,1995.28,Clothing,1,4.2,https://via.placeholder.com/100?text=Prod100
